t,S,T_rem,option_value,hedge_shares,cash,step_pnl,theta_pnl,gamma_pnl,delta_mismatch_pnl,residual_pnl
1,100.9147441712588,0.08283730158730158,4.689738243837269,0.04604030722796759,-6.146255638780734e-13,-0.043592418361376506,0.013687254185531544,-0.05772263800505696,0.0,0.0004429654581489112
2,99.77394602624545,0.08234126984126984,4.5697796873092145,0.17081933938729876,-12.592169029988947,-0.0750367506695337,0.01368209952578529,-0.08732167709436761,-0.0,-0.0013971731009513877
3,99.96142170548792,0.0818452380952381,4.5611267608267525,0.014326758242730886,3.0217432921003327,0.011368822678687072,0.013727877887603794,-0.0024483527729318023,0.0,8.92975640150815e-05
4,99.71041777451143,0.08134920634920634,4.541643082403581,0.04025492130381125,0.4299315154754726,0.009383800107214261,0.013805891017386331,-0.004388931324948977,-0.0,-3.315958522309183e-05
5,99.51105897649738,0.0808531746031746,4.5296896959428,0.004950697524351844,3.9501696057263582,0.011005609349143174,0.013795665852688719,-0.002787567079883434,-0.0,-2.4894236621102184e-06
6,99.41701920183148,0.08035714285714285,4.518749491390132,-0.023388732732958273,6.7703234869963245,0.01320684128304153,0.01377674150621207,-0.0006231558844498368,-0.0,5.325566127929553e-05
7,98.52796986936255,0.0798611111111111,4.594189360936987,-0.03703596576113688,8.127171341310508,-0.042432442609693324,0.013783961019324158,-0.05588440188420004,-0.0,-0.00033200174481744227
8,98.42769699368962,0.07936507936507936,4.598004767233711,-0.1631023340286646,20.54843852805909,0.012743186310945844,0.01330448055764515,-0.0007052078921152933,-0.0,0.00014391364541598874
9,98.05054917177985,0.07886904761904762,4.662116055183546,-0.17796592532942757,22.011645957268993,0.0032265415826793972,0.013262967760434492,-0.00997665674389163,-0.0,-5.9769433863465435e-05
10,99.51415056734956,0.07837301587301587,4.460194685482371,-0.23150185036873916,27.261143254300972,-0.1366346150672425,0.012960805384412974,-0.1485968495124009,0.0,-0.0009985709392545672
11,99.61576799601498,0.07787698412698413,4.444371155454135,-0.024726377010776734,6.684123975346522,0.013377209600990453,0.013993191854996888,-0.0007389920107843486,0.0,0.00012300975677791322
12,99.46090017064174,0.07738095238095238,4.433679200558444,-0.010501910972625206,5.267195120283473,0.01237061667093322,0.014072058577153265,-0.0017208071386812396,-0.0,1.9365232461194745e-05
13,99.33783653278584,0.07688492063492063,4.424813758868332,-0.03312416081919589,7.517299029917899,0.01301639743078903,0.014062061487106745,-0.001090926974609612,-0.0,4.526291829189816e-05
14,99.04414868562422,0.07638888888888888,4.432186712633559,-0.05130340103034203,9.323277914680643,0.007786724013105385,0.014055159156136343,-0.006233295655996817,-0.0,-3.513948703414045e-05
15,98.58119899764877,0.07589285714285714,4.477671213071531,-0.09430842999066591,13.582809146678875,-0.00168969277799998,0.013947017640848337,-0.015508000616344548,-0.0,-0.00012870980250376945
16,98.41120592577111,0.07539682539682539,4.493714112333613,-0.16184584361858922,20.24092916119232,0.011670574737890273,0.013667528577494122,-0.002078684377405124,-0.0,8.173053780127434e-05
17,98.6241652518351,0.07490079365079365,4.443362278239292,-0.1871216044028371,22.72857274141544,0.010728024082657005,0.01356545481286992,-0.0032552530414737537,0.0,0.00041782231126083827
18,98.5208887284251,0.0744047619047619,4.446650994009985,-0.1572423390632478,19.78195138750463,0.013146974884887516,0.01378650848770239,-0.0007728800220797613,-0.0,0.0001333464192648879
19,98.94356838457422,0.07390873015873016,4.372423753795118,-0.1730354027276193,21.338109742009717,0.00130038223494405,0.013744058384163557,-0.01294785550214112,0.0,0.0005041793529216129
20,98.85701990532199,0.0734126984126984,4.368603233110811,-0.11209618005326605,15.308717467470814,0.013674146041666196,0.014108404600215264,-0.0005499827073968555,-0.0,0.0001157241488477876
21,98.86917429698445,0.07291666666666666,4.352962491407375,-0.125501982846828,16.63414020149439,0.014280361863100784,0.01409471571920672,-1.086516036971812e-05,0.0,0.00019651130426378248
22,99.55378180276738,0.07242063492063491,4.287934538932731,-0.12442016991682203,16.527346211315567,-0.01998706876653102,0.014149191052929094,-0.03459119382368808,0.0,0.00045493400422796926
23,99.79728641346136,0.07192460317460317,4.271988604434142,-0.023350258834143545,6.465518478295724,0.0103241805418083,0.014569310968969205,-0.004412853319864642,0.0,0.00016772289270373768
24,99.57443012704013,0.07142857142857142,4.258230091165096,0.012610780486728146,2.876732876340014,0.010976660435968446,0.014695781816541777,-0.0037009918587419164,-0.0,-1.812952183141356e-05
25,99.49484735308009,0.07093253968253968,4.245704883491285,-0.021009446117629005,6.224509531991153,0.014258948455537924,0.014677453228189814,-0.0004745520039564479,-0.0,5.6047231304557146e-05
26,99.73617290618216,0.07043650793650794,4.2272277101208005,-0.033349265806820516,7.452331939829552,0.010503074851863307,0.014697251333841607,-0.004380097408508397,0.0,0.00018592092653009658
27,100.6010682924901,0.06994047619047619,4.270674629418004,0.0026411286960745795,3.862826052224037,-0.04112429777638419,0.014833757550757028,-0.05637067613533676,0.0,0.0004126208081955407
28,100.48181575624436,0.06944444444444445,4.2410062890933276,0.13199407962575216,-9.15030977451998,0.013836935127480953,0.014938128954494033,-0.0010516007340605569,-0.0,-4.959309295252297e-05
29,100.3743561446612,0.06894841269841269,4.214529473331851,0.11442310011842194,-7.38481911073863,0.014107692135661199,0.015007549438024355,-0.0008609296412227047,-0.0,-3.892766114045078e-05
30,100.82499572212937,0.06845238095238095,4.2590304082473835,0.0984211301513156,-5.77868900622371,-0.00020580638978907211,0.01506994603614538,-0.015252213344368817,0.0,-2.353908156563591e-05
31,100.42915693948292,0.0679563492063492,4.1899072365759835,0.1658188545631507,-12.574189025048213,0.0033608948213218956,0.015044925341213072,-0.011591455508159132,-0.0,-9.257501173204515e-05
32,100.30023406558615,0.06746031746031746,4.162183562049897,0.10681429706286538,-6.6484770164934055,0.013886911589387584,0.015175369493578592,-0.001255018467491486,-0.0,-3.343943669952172e-05
33,100.69680291194213,0.06696428571428571,4.193511362901482,0.08731837635921469,-4.693078164677316,0.003253388842683502,0.015237636981170942,-0.011969610356126441,0.0,-1.4637782360998972e-05
34,100.95895175537093,0.06646825396825397,4.222137359406695,0.1474949546839197,-10.752773885970155,0.009932961461792051,0.01524265685465043,-0.0051704988057168525,0.0,-0.0001391965871415258
35,101.00161882831684,0.06597222222222222,4.215028427985899,0.18707476602115913,-14.748856466547913,0.014944546814239346,0.015215921531969937,-0.00013566019837833049,0.0,-0.00013571451935226117
36,101.305054636326,0.06547619047619047,4.265543860649416,0.19383851579474354,-15.43215923908804,0.008149017941519482,0.015253993822348905,-0.006869577241839253,0.0,-0.00023539863899017105
37,100.03834399873692,0.06498015873015872,4.067720416176698,0.2392810646942174,-20.035917906204048,-0.10547519358998043,0.015157079273828542,-0.11787542482685054,-0.0,-0.0027568480369584425
38,100.49597687203439,0.06448412698412698,4.089819878831008,0.0466512268936381,-0.7655555226479793,-0.0007579224073015799,0.01551132602140658,-0.016353640138403024,0.0,8.439170969486414e-05
39,100.06880296169646,0.06398809523809523,4.038064010372558,0.11781778080745764,-7.917586425928341,0.0013486392288273058,0.01556870443610833,-0.014107333852913325,-0.0,-0.00011273135436769863
40,99.32926458550416,0.06349206349206349,4.02797607186163,0.051178436117329085,-1.2490793642341862,-0.02777287063023584,0.0156351710028443,-0.04300892353799542,-0.0,-0.0003991180950847252
41,99.453132663245,0.06299603174603174,4.005448056061617,-0.06626616679720654,10.416710012667705,0.014423092964098832,0.015442426746859432,-0.0012185985499579184,0.0,0.0001992647671973189
42,99.76544297435606,0.0625,3.9827978918393256,-0.0470821143003356,8.508880307754142,0.008030347533786357,0.015568858764796507,-0.007780735662320488,0.0,0.00024222443131033822
43,99.56946983253647,0.06200396825396825,3.969681345704039,0.002420372473086241,3.5702782057224622,0.012677637388314773,0.015756721028824205,-0.0030715036696863447,-0.0,-7.579970823087465e-06
44,99.09468211344276,0.061507936507936505,3.9862511466556256,-0.02938360162842857,6.737049881058798,-0.0025519922748809213,0.015746671892803463,-0.018123766330761324,-0.0,-0.00017489783692306062
45,99.10768916484703,0.06101190476190476,3.9693119580258553,-0.10639779142963535,14.368889085429476,0.015697814883090595,0.015528774973542278,-1.3609351714323576e-05,0.0,0.00018264926126264
46,99.08588051604221,0.06051587301587301,3.9560273021582546,-0.10504334772194535,14.234794516955539,0.01571672684643812,0.015599490972188178,-3.841823148529212e-05,-0.0,0.0001556541057352364
47,99.70969030331544,0.060019841269841265,3.903422706805337,-0.10932591816803472,14.659282209143905,-0.01544855373731425,0.015644813720700354,-0.031545359547791876,0.0,0.00045199208977727244
48,100.04368770114566,0.05952380952380952,3.8935896285146185,-0.00824814338794233,4.580894034424527,0.007123665014117503,0.01606017653868511,-0.009108738661522021,0.0,0.00017222713695441445
49,100.13158510395188,0.059027777777777776,3.882015065516704,0.046049336985122036,-0.8512345797230186,0.015613735374246656,0.01620911910605117,-0.0006303372841848985,0.0,3.495355238038525e-05
50,100.63012447044348,0.05853174603174603,3.9160256813590593,0.060305193272375934,-2.2787186730037967,-0.003968709216098713,0.01628622509665147,-0.020320614957348056,0.0,6.56806445978736e-05
51,100.53953863489521,0.05803571428571428,3.8875148881335946,0.14143798712594347,-10.44322542003601,0.015594912070515133,0.016304992937945285,-0.0006617302112985293,-0.0,-4.835065613162208e-05
52,100.12722885212588,0.057539682539682536,3.832583809740356,0.12700969501568204,-8.992700800839899,0.002474525772654175,0.016395691089231248,-0.013822718241030155,-0.0,-9.844707554691745e-05
53,100.38955312270564,0.05704365079365079,3.837317273238888,0.059369878398756404,-2.2201354279649617,0.010818671503026985,0.016495499389582245,-0.005699235250004732,0.0,2.2407363449472237e-05
54,100.65188322959735,0.05654761904761904,3.853392496463549,0.10276966313073399,-6.577085671371948,0.010819104947516941,0.016561543045974552,-0.005677558246217959,0.0,-6.487985223965244e-05
55,100.55710946760172,0.0560515873015873,3.823640511082047,0.1461289904012555,-10.941392161737113,0.015794246205811827,0.01657785392764259,-0.0007359714869429093,-0.0,-4.76362348878559e-05
56,100.20857801515544,0.05555555555555555,3.771385508996076,0.1308046013134534,-9.40050914926762,0.006572225846792314,0.016676178459799743,-0.010040800000542895,-0.0,-6.31526124645343e-05
57,100.31240913395602,0.05505952380952381,3.7630219760942794,0.0727779229592802,-3.585773797429423,0.015884573090343072,0.01679127040877972,-0.0009066816247738588,0.0,-1.569366278597606e-08
58,99.20571270773166,0.054563492063492064,3.7505493122295093,0.09028307286296466,-5.341810550408467,-0.08749628411064472,0.016863600698109132,-0.10312738314039137,-0.0,-0.0012325016683624873
59,99.51262707778474,0.05406746031746031,3.7115355078667847,-0.09866872849529318,13.403420540529538,0.008863923494948979,0.016545734798973213,-0.008046165995131577,0.0,0.00036435469110734225
60,99.73215580185047,0.05357142857142857,3.688465274213087,-0.04669098552926576,8.231060445346944,0.012901878115729024,0.016825981927940787,-0.004147363950527684,0.0,0.00022326013831592065
61,99.00823035605409,0.053075396825396824,3.723907467154305,-0.00929321582024245,4.501344906062864,-0.028669941557711045,0.017006737225865105,-0.045283133804403346,-0.0,-0.0003935449791728045
62,99.0367657885767,0.05257936507936507,3.7034612488053185,-0.1351816230867906,16.965501639579166,0.01675705997824462,0.016594392952916023,-7.018389970167633e-05,0.0,0.00023285092503027086
63,98.61383759915508,0.05208333333333333,3.7581235695365507,-0.13120869011678182,16.572199613461382,0.0009939389429298579,0.016696481194485628,-0.015498279072475573,-0.0,-0.0002042631790801976
64,98.94848924704075,0.051587301587301584,3.6823501097095317,-0.2052703748409792,23.875943426516404,0.0073162539675728205,0.016294424419645064,-0.009595772932374413,0.0,0.0006176024803021696
65,98.05743553148542,0.05109126984126984,3.8675429413958042,-0.14855836491475238,18.264556917255454,-0.05263815354978321,0.016759892499364992,-0.06924543442201156,-0.0,-0.0001526116271366451
66,97.66026600011955,0.050595238095238096,3.985835992350335,-0.3025229515098261,33.362260414597664,0.0021908210880106174,0.015587360804467348,-0.01316330562641145,-0.0,-0.0002332340900452804
67,97.97088902707758,0.050099206349206345,3.863357138335047,-0.36968819563264277,39.92203207153584,0.008041237598156113,0.014906569224458056,-0.007803241565382337,0.0,0.000937909939080394
68,98.47830640937994,0.0496031746031746,3.706081012531854,-0.3205177376988524,35.10510685711535,-0.005011882419957587,0.015556193034627028,-0.021504494657271653,0.0,0.0009364192026870373
69,97.53766834663328,0.049107142857142856,3.98816964828438,-0.23559529520369416,26.74235384385764,-0.060213433866469185,0.016464413610807766,-0.07693526503430717,-0.0,0.0002574175570302234
70,97.3229744031589,0.048611111111111105,4.062451402490311,-0.39568905006539046,42.35794562555511,0.011090503972370732,0.014808826354878643,-0.003719303547065003,-0.0,9.811645570925037e-07
71,97.46672903932902,0.04811507936507936,3.9872348068548575,-0.43218370050572186,45.91016901197841,0.013543640777291758,0.014382327600352159,-0.001631828993834274,0.0,0.0007931421707738726
72,97.20404207521642,0.047619047619047616,4.086664536051973,-0.41150296996558766,43.89492131541697,0.00910220003566011,0.014754265482662942,-0.005561624317487409,-0.0,-9.044112951542282e-05
73,97.89666185109168,0.04712301587301587,3.794007624278329,-0.4555631461843158,48.178226494649024,-0.022397176208210388,0.014191437801040305,-0.037542224750926896,0.0,0.0009536107416762037
74,97.38003274339256,0.04662698412698413,3.9796250147890433,-0.3445595410125648,37.311714248957266,-0.007237748228936955,0.01578487606679712,-0.022678654049134755,-0.0,-0.0003439702465993198
75,97.53538924422134,0.04613095238095238,3.8993186272319704,-0.4323831430568801,45.86443449372886,0.013587857487899622,0.014701499434757992,-0.001944515112195076,0.0,0.0008308731653367055
76,97.08240853615362,0.04563492063492063,4.087333848659757,-0.40941033340113075,43.62420533959009,-0.002127461045349462,0.015116506695743673,-0.016905707677887866,-0.0,-0.0003382600632052682
77,97.69376390707019,0.04513888888888889,3.8054887917971527,-0.48451288695012273,50.91584724036829,-0.013859383826040093,0.01405098622295882,-0.029096715307152986,0.0,0.0011863452581540729
78,97.68579620288087,0.04464285714285714,3.7929771152569884,-0.38757343841090697,41.44587880888966,0.016010914442161878,0.01559357113149485,-5.3662630028680555e-06,-0.0,0.00042270957366989485
79,97.52540536227104,0.04414682539682539,3.8426109193660807,-0.3912223862653206,41.802743893054604,0.013529390993136992,0.015634946652989628,-0.0021809622803225823,-0.0,7.540662046994634e-05
80,96.78329322866603,0.04365079365079365,4.185850190871381,-0.42060112396272253,44.66836033232282,-0.03066293770739996,0.015309574955879871,-0.04597718514027702,-0.0,4.6724769971924485e-06
81,97.51251376970491,0.043154761904761904,3.817381568207672,-0.5411132111051816,56.332475850985,-0.025563394746696055,0.01337450198814353,-0.03987241599217314,0.0,0.000934519257333552
82,97.84149188127239,0.04265873015873016,3.6696542185891126,-0.4277456656638632,45.278170701074075,0.007457574270573438,0.015387846674157917,-0.009086270367562089,0.0,0.0011559979639776093
83,98.17192324784827,0.04216269841269841,3.5388270968759485,-0.37370926380469593,39.99156526702814,0.007738598723068824,0.016253287675191574,-0.00957248406586642,0.0,0.0010577951137436701
84,98.67224166607046,0.041666666666666664,3.3853411693811353,-0.3168699555096226,34.411882441652665,-0.0047085613986517175,0.01706596299399411,-0.022789756250615408,0.0,0.001015231857969581
85,98.8273241954553,0.04117063492063492,3.3342461942731205,-0.2255711792044457,25.403479539647876,0.016364843476803562,0.01810741307554878,-0.0022860289593991385,0.0,0.000543459360653923
86,98.54778697000232,0.04067460317460317,3.37891382353844,-0.19748810022389884,22.628328475102933,0.01076213260338841,0.018456465721850793,-0.00753366412612673,-0.0,-0.00016066899233565385
87,98.19859430571361,0.040178571428571425,3.461293070085631,-0.25280023235584603,28.07949525433808,0.006175305161349016,0.018079355146772776,-0.011618240048724403,-0.0,-0.00028580993669935755
88,97.85065694343746,0.03968253968253968,3.567332686729433,-0.3206548657382162,34.74306954121563,0.00587286314142169,0.017454713668087263,-0.011263595707834482,-0.0,-0.00031825481883109106
89,98.45110960913236,0.039186507936507936,3.3501343080486308,-0.3868077184064731,41.21657852608699,-0.014652454347737627,0.016697978575761094,-0.032469951527597844,0.0,0.001119518604099123
90,97.8142138011736,0.03869047619047619,3.5481969015659196,-0.2771792859709352,30.423839530406216,-0.02122644592167122,0.018179510828956583,-0.038986074994679536,-0.0,-0.0004198817559482662
91,97.55617265348286,0.03819444444444444,3.640955323385416,-0.3986357295325096,42.30442575314987,0.010525684021251884,0.01674837963925609,-0.0060226155141698,-0.0,-0.0002000801038344064
92,97.41812568752489,0.037698412698412696,3.688670309509817,-0.4474281368526206,47.064893177156435,0.014518021959082578,0.016092738818511112,-0.0016714162844938699,-0.0,9.66994250653358e-05
93,97.51709561776096,0.03720238095238095,3.626496071424132,-0.47442949237675913,49.695807634859634,0.015712995842353687,0.01573900975376344,-0.0008444737776354517,0.0,0.0008184598662256994
94,97.76878879423855,0.0367063492063492,3.499411737800596,-0.4602504948116044,48.31359227266759,0.011721723742178513,0.016099224672668992,-0.005566837554243047,0.0,0.0011893366237525679
95,97.22776839836287,0.03621031746031746,3.736426274264506,-0.41806984832976213,44.19007994705561,-0.0103918301411586,0.016916059615774814,-0.02678636830492821,-0.0,-0.0005215214520052046
96,96.48283745669036,0.03571428571428571,4.153103883176392,-0.5164796737086347,53.75878097571036,-0.03140260062700474,0.015285368247470349,-0.04680639720010242,-0.0,0.00011842832562732747
97,96.48237611521692,0.03521825396825397,4.140685930888168,-0.6369221652516109,65.38006291864814,0.013360399416395613,0.012710501746556864,-1.5396628430136035e-08,-0.0,0.0006499130664671792
98,97.00678112896902,0.034722222222222224,3.8108534683613264,-0.6406239384993265,65.73787095561076,-0.00546178456853661,0.012714592858423938,-0.01990501150912158,0.0,0.0017286340821610303
99,97.33590847422252,0.03422619047619047,3.618583449230634,-0.5635269113490567,58.259514485657306,0.007375871326422351,0.014641362009703639,-0.008831031127857216,0.0,0.001565540444575928
100,97.4309026570939,0.03373015873015873,3.554571798427098,-0.5115500404413859,53.20082631956919,0.015945156071397817,0.0158505844855643,-0.0007863290136208304,0.0,0.000880900599454346
101,97.29480473769006,0.033234126984126984,3.6082435879109482,-0.498311368044128,51.91148551026421,0.014662343263635698,0.016237328575668668,-0.0016476501454196313,-0.0,7.266483338666183e-05
102,97.4234207458404,0.03273809523809523,3.5257668415853125,-0.5258314659830967,54.5895896263011,0.01538796291387247,0.015806531717965994,-0.0014399774811106596,0.0,0.0010214086770171365
103,97.31932884100964,0.03224206349206349,3.5635069114814613,-0.5067553110720774,52.73164848903056,0.01553218455497982,0.01632712756681942,-0.0009695856959166004,-0.0,0.00017464268407699907
104,97.67568264472509,0.031746031746031744,3.3691271408610817,-0.5289229419577034,54.88953198512163,0.006440604688091583,0.015997985266012257,-0.01117983910206591,0.0,0.0016224585241452361
105,97.332092098104,0.03125,3.524575132794695,-0.4675857982551319,48.898869707923474,0.005695173509242972,0.017368129794596534,-0.011135027559749357,-0.0,-0.0005379287256042052
106,97.39175871672941,0.030753968253968252,3.4766049313139433,-0.5342990308453909,55.39275773516169,0.01663991357626244,0.016149403432708893,-0.0003163043726181684,0.0,0.0008068145161717159
107,97.34516080235346,0.030257936507936505,3.485102800484814,-0.5275164704550633,54.73273523093633,0.016626278942365152,0.01643584345738412,-0.00019591022986779828,-0.0,0.00038634571484883265
108,97.58250422403145,0.02976190476190476,3.3448250200080096,-0.5398716553787587,55.936007612034125,0.01269771248010568,0.016304638145092493,-0.005051597337477019,0.0,0.0014446716724902074
109,97.68164963512116,0.029265873015873016,3.2784314285809977,-0.5001728586236045,52.06261610163071,0.017320239388245576,0.017311456269599394,-0.0009275879586461115,0.0,0.0009363710772922924
110,98.79898741174497,0.028769841269841268,2.8427878414516385,-0.4851830232653156,50.59888622666189,-0.10596776275382576,0.01777636843221316,-0.12053898498354455,0.0,-0.0032051462024943606
111,99.46221026072283,0.02827380952380952,2.7026632732443474,-0.25274198559836836,27.634221219892407,-0.02722554387740404,0.021610892067744948,-0.04970809922096889,0.0,0.0008716632758198999
112,100.12902995622751,0.027777777777777776,2.664543326883205,-0.1008358790466527,12.52542836974361,-0.028995144214982383,0.023097244159602088,-0.052608975322682806,0.0,0.0005165869480983354
113,99.2249865024734,0.027281746031746032,2.6873979034410667,0.057411914377367035,-3.319802612903332,-0.0747903763045775,0.023746219913753572,-0.09743695174395461,-0.0,-0.0010996444743764516
114,99.07616055016008,0.026785714285714284,2.691014493485511,-0.16046450711398652,18.299163907207415,0.02044623146326622,0.023108691255536853,-0.002641052114931859,-0.0,-2.140767733877641e-05
115,98.80940244411532,0.026289682539682536,2.7298605013011112,-0.19804419148932007,22.022633227222823,0.014202363039773933,0.022995670809669362,-0.008482698166282212,-0.0,-0.0003106096036132166
116,99.04562258974099,0.025793650793650792,2.6509273041037673,-0.26382575157542165,28.52275283358639,0.01689520215460201,0.022502242647495778,-0.006564065860580032,0.0,0.0009570253676862636
117,98.04669731027111,0.025297619047619048,2.957695808475904,-0.2100899228706653,23.20068438852616,-0.09667420507671871,0.02332397197531093,-0.12076483748353324,-0.0,0.0007666604315035991
118,98.56245244364662,0.0248015873015873,2.736152852484608,-0.4436759075392689,46.103476096736564,-0.006827797390916537,0.020059513072290137,-0.02861790261929827,0.0,0.0017305921560915958
119,99.03348097119132,0.024305555555555552,2.582672905604781,-0.3315108474401658,35.048560397127424,-0.0023234172075374798,0.02224837019680081,-0.02601381140754015,0.0,0.0014420240032018573
120,98.46222587434336,0.023809523809523808,2.726454502183536,-0.22075489135622073,24.080251418040092,-0.01743534953925569,0.023929771306558895,-0.040536311223258625,-0.0,-0.0008288096225559614
121,98.03544140997327,0.023313492063492064,2.8816920364280527,-0.36257788733559715,38.04483670940098,-0.00011749774211207708,0.02221881314165099,-0.021400181731554446,-0.0,-0.0009361291522086209
122,97.68765916499383,0.022817460317460316,3.0373216323237884,-0.4642101703994006,48.008878717260515,0.0062907355042700576,0.0204984595437818,-0.013306201978531006,-0.0,-0.000901522060980737
123,97.70795453805476,0.02232142857142857,3.0073427818815652,-0.5432304782603741,55.72874048044269,0.019506646974373418,0.018847784338563746,-4.221286647993811e-05,0.0,0.0007010755022896116
124,97.9887784720991,0.021825396825396824,2.842228854845203,-0.5444001361981925,55.84357936607165,0.012787340110435082,0.019037060665211648,-0.008157841177877205,0.0,0.0019081206231006398
125,98.88819388019505,0.02132936507936508,2.4722846823260056,-0.48951365603322816,50.46582087057513,-0.06983130168903537,0.02063593438998675,-0.08976423369656784,0.0,-0.0007030023824542708
126,98.80273102183043,0.020833333333333332,2.472162983297288,-0.2763304757828309,29.384812724530516,0.02402920589561539,0.024878879170225812,-0.000947670250349705,-0.0,9.799697573928054e-05
127,99.14256406825695,0.020337301587301584,2.358494813281858,-0.30226622070589393,31.947652093435583,0.011265058821979444,0.02480295433462173,-0.014979883533524712,0.0,0.0014419880208824242
128,99.21269920377094,0.01984126984126984,2.317423251809764,-0.21545379692079647,23.341077363559464,0.02619223738662661,0.026269938304170525,-0.0006685184277602822,0.0,0.0005908175102163661
129,99.99500532147012,0.019345238095238096,2.219116472728082,-0.19926668608457254,21.735326032351942,-0.05736514133105629,0.026783055250830308,-0.08461516322010379,0.0,0.0004669666382171936
130,100.3276121575246,0.018849206349206348,2.21330695299676,0.02076010227168945,-0.26625648161870263,0.012711830243829166,0.028442781869844967,-0.01586098031651991,0.0,0.00013002869050410953
131,100.94258016315275,0.0183531746031746,2.3106314276696693,0.11653274182574669,-9.874994683831716,-0.02575853257310762,0.028706687969609526,-0.054181726950111454,0.0,-0.00028349359260569293
132,100.46067687604685,0.017857142857142856,2.173497726891817,0.2911105943926755,-27.497606353640673,-0.0034262439320169,0.027772890041633837,-0.03159380687079386,-0.0,0.00039467289714312584
133,100.37618207946359,0.017361111111111112,2.131602143394794,0.15750242714554674,-14.075379071830545,0.028447811949491413,0.029307417720873977,-0.001040074837285927,-0.0,0.0001804690659033617
134,100.0144823811832,0.016865079365079364,2.0724547849586514,0.13407400174818074,-11.723839485663888,0.010536525102099133,0.02983597452284241,-0.01945212510706944,-0.0,0.000152675686326164
135,100.68868689774906,0.016369047619047616,2.1286345925428733,0.02516799028388017,-0.831669371509946,-0.03921968550922754,0.030469476196178437,-0.06977344540241037,0.0,8.428369700439614e-05
136,100.98557559112355,0.015873015873015872,2.18092230248471,0.2310945671006892,-21.566359939465162,0.01610770320837105,0.030041133843795913,-0.013071646880582079,0.0,-0.0008617837548427834
137,100.84990781926122,0.015376984126984126,2.109829344526389,0.32143412112451775,-30.68965626057227,0.02718024757945096,0.02941327631556703,-0.0026481982794185023,-0.0,0.00041516954330243425
138,100.64835207821233,0.01488095238095238,2.0270891201029713,0.2856696230757092,-27.083078609150448,0.024893191846570403,0.030366778821218837,-0.006059876310139813,-0.0,0.000586289335491378
139,100.86737438777375,0.014384920634920634,2.053380106942221,0.22763670829907423,-21.24237210736,0.023355793980173494,0.031523358129400304,-0.007474163669875787,0.0,-0.0006934004793510244
140,100.5541813937651,0.013888888888888888,1.9424192698836862,0.29903905830377076,-28.444821866743954,0.017021709769482394,0.031197688187518068,-0.01502367199815902,-0.0,0.0008476935801233453
141,100.13971983979312,0.013392857142857142,1.8525188248148723,0.2036242583906387,-18.85065177813575,0.005319009003158973,0.032846942770637017,-0.02796764970912218,-0.0,0.00043971594164413444
142,100.35611972002809,0.012896825396825396,1.840691582073248,0.06652156531710274,-5.121277310541224,0.02617169543877838,0.03417535874316899,-0.008032268592137813,0.0,2.8605287747205527e-05
143,101.46476549048076,0.01240079365079365,2.170484956607229,0.14224020162887507,-12.720232033434868,-0.17222556876194814,0.0345406488595167,-0.2116923522220843,0.0,0.004926134600619442
144,101.35509218057742,0.011904761904761904,2.0870641179672873,0.5004383650289794,-49.06521143758287,0.028049351109091757,0.029193295205557256,-0.0016906417610076288,-0.0,0.0005466976645421284
145,101.10594961668717,0.011408730158730158,1.9450126924464293,0.47693844245039263,-46.68383774940749,0.022762628137226286,0.030441558913907995,-0.009130739965587362,-0.0,0.0014518091889056534
146,100.58137555834436,0.010912698412698412,1.7404394251217141,0.4082008290200765,-39.7344502581701,-0.009952487192718216,0.03283668180343589,-0.04402091774949901,-0.0,0.0012317487533449085
147,99.98651995207186,0.010416666666666666,1.6283779229608442,0.23456651886623314,-22.270293433127154,-0.027692640985350552,0.0366646255789831,-0.06425253075901322,-0.0,-0.0001047358053204335
148,100.22209953385422,0.00992063492063492,1.602700940506388,0.011016936912685793,0.08165211318531666,0.02827315788165679,0.03876382721807713,-0.010846962143085429,0.0,0.00035629280666508306
149,100.60413673375801,0.009424603174603174,1.6325254710969972,0.10445404101695344,-9.28290272633984,0.009988706925998046,0.03957006222172098,-0.028914465566070576,0.0,-0.0006668897296523563
150,100.60974541048816,0.008928571428571428,1.5944508355904432,0.2583225276589787,-24.762954658504714,0.03927782004215574,0.039086980823467676,-6.08497477395459e-06,0.0,0.00019692419346201834
151,100.76039966588452,0.008432539682539682,1.5996407939412478,0.26656928363990984,-25.592912574891418,0.03471594190470907,0.04001633029614315,-0.004493927357494073,0.0,-0.000806461033940005
152,100.81393926307737,0.007936507936507936,1.5781427247158675,0.33340833100022893,-32.327962412526134,0.03902790464589196,0.0398954642967092,-0.0005631906491582092,0.0,-0.00030436900165902586
153,100.87772412090865,0.00744047619047619,1.5618989676872133,0.36363741430629415,-35.375826329839505,0.039087368885105826,0.04039929887948786,-0.0008080547982623164,0.0,-0.0005038751961197116
154,100.19576871488755,0.006944444444444444,1.3414993140771472,0.39958862463278333,-39.002889538476495,-0.05248890065144869,0.04073634691125526,-0.0929429415298573,-0.0,-0.000282306032846652
155,99.99300358000518,0.006448412698412698,1.2813020900118204,0.10660776012175033,-9.647542309311609,0.03848517793435087,0.04725336694781415,-0.009734163574572057,-0.0,0.0009659745611087789
156,100.0441580075847,0.005952380952380952,1.2321612877016292,0.009338173901696667,0.07873655492858163,0.0496192723635122,0.04927567732707538,-0.0006500110764434666,0.0,0.0009936061128802895
157,99.69724537432285,0.005456349206349206,1.1998496474113836,0.03512881820106628,-2.5014915547363406,0.020100193203362333,0.05129398702733396,-0.031071485338389913,-0.0,-0.00012230848558171525
158,99.48737400033926,0.00496031746031746,1.1919503846439667,-0.15105867746419266,16.061048221239144,0.039761489964461154,0.05229573512082778,-0.011715867411311037,-0.0,-0.0008183777450555887
159,99.12651576798095,0.004464285714285714,1.2780709754727226,-0.2742454337588994,28.316856036416663,0.013124051427199624,0.05228820213785742,-0.034858733647406874,-0.0,-0.004305417063250921
160,98.98084435166673,0.003968253968253968,1.3089659398069529,-0.47988244449633677,48.70141957036882,0.0394933376269837,0.04726153940872735,-0.005196820936989958,-0.0,-0.0025713808447536957
161,99.35917025446224,0.003472222222222222,1.0705061534926337,-0.5765679782069556,58.27201342614117,0.02090727793994896,0.04456063497754998,-0.03323684961701443,0.0,0.009583492579413412
162,99.18086428965889,0.002976190476190476,1.099022999589156,-0.40646938802005417,41.37156907391384,0.04436950049442795,0.057464420114233375,-0.009393828370606306,-0.0,-0.0037010912491991232
163,99.1143844683039,0.00248015873015873,1.0841941632859786,-0.5424766115733869,54.86142731306212,0.05143684202173356,0.0540554257365708,-0.0012363681776153426,-0.0,-0.001382215537221898
164,99.47576557642591,0.001984126984126984,0.8271078087264776,-0.6228454858818253,62.82776210875252,0.03262505088177298,0.052707986520014044,-0.035732975529575085,0.0,0.015650039891334018
165,99.76335866011527,0.001488095238095238,0.6428940359131659,-0.438820753319925,44.52220263848778,0.05845364550647349,0.07421371035979661,-0.03144934218842377,0.0,0.015689277335100643
166,100.52102441560429,0.000992063492063492,0.6674703966683957,-0.23534267325126013,24.222786261353182,-0.20264714085568042,0.09762941867381378,-0.2845035134498298,0.0,-0.01577304607966437
167,99.59082323007381,0.000496031746031746,0.49452377283204285,0.5941691579530934,-59.161179689726154,-0.3803371448511481,0.08999712832711929,-0.38588913313929607,-0.0,-0.0844451400389713
168,99.97315082104562,0.0,0.02684917895237504,-0.6403486858259141,63.78610145992756,0.22348441893259663,0.1156956086481627,-0.08641055193911833,0.0,0.19419936222355227
